cluster	total length [bp]	number of reads	Genome proportion[%]	cumulative GP [%]	Repeat Masker	Domain hits	Layout	All missing mates [%]	Missing mates	Portion of similarity hits to other clusters[%]	Outside reads with similarity [%]	
									with no similarity hit [%]			
1	CL1	2195741	22795	1.54	1.5	"DNA.MULE.MuDR (2hits, 0.00537%)"			97.6	0.097	6.10E+00	1.50E+02
2	CL2	2095100	21699	1.46	3				96.58	0.166	2.30E+01	2.40E+02
3	CL3	1865890	19579	1.32	4.3	"LTR.Copia (1hits, 0.00198%)"			93.51	0.112	2.60E+01	2.70E+02
4	CL4	1319901	13381	0.903	5.2	"LTR.Gypsy (313hits, 1.47%)"	Ty3-GAG Ty3/gypsy chromovirus (689 hits 5.15%)		33.68	6.741	1.40E-01	1.10E+00
							Ty1-RT Ty1/copia Angela (1 hits 0.00747%)					
												
												
												
												
												
						"Simple_repeat (407hits, 1.33%)"						
						"Low_complexity (136hits, 0.535%)"						
						"DNA (7hits, 0.0189%)"						
						"LTR.Copia (4hits, 0.0153%)"						
5	CL5	1318928	13252	0.894	6.1	"LTR.Copia (5552hits, 35.8%)"	Ty1-RH Ty1/copia Angela (55 hits 0.415%)		51.31	4.603	2.00E+00	7.70E+00
							Ty1-RT Ty1/copia Angela (7 hits 0.0528%)					
							Ty3-INT Ty3/gypsy Athila (1 hits 0.00755%)					
							Ty3-RT Ty3/gypsy chromovirus (1 hits 0.00755%)					
												
												
												
						"Simple_repeat (433hits, 1.73%)"						
						"Low_complexity (29hits, 0.104%)"						
						"LTR.Gypsy (1hits, 0.00364%)"						
6	CL6	1292110	13025	0.879	7	"Simple_repeat (1908hits, 7.59%)"	DTH-CD1 NA NA (2 hits 0.0154%)		28.38	6.564	4.10E-02	1.60E+00
							Ty1-RT Ty1/copia AleI/Retrofit (1 hits 0.00768%)					
							Ty3-RT Ty3/gypsy chromovirus (1 hits 0.00768%)					
												
												
												
												
						"Low_complexity (343hits, 1.47%)"						
						"LTR.Copia (69hits, 0.299%)"						
						"DNA.MULE.MuDR (22hits, 0.0953%)"						
						"LTR.Gypsy (5hits, 0.0166%)"						
						"DNA.PIF.Harbinger (2hits, 0.00704%)"						
7	CL7	1294262	13012	0.878	7.9	"DNA.MULE.MuDR (160hits, 0.915%)"	Ty3-GAG Ty3/gypsy Athila (1 hits 0.00769%)		8.7	5.487	3.80E-04	6.90E-02
												
												
												
												
												
												
						"Simple_repeat (199hits, 0.571%)"						
						"Low_complexity (163hits, 0.503%)"						
						"DNA.hAT.Tag1 (9hits, 0.0241%)"						
						"DNA.CMC.EnSpm (1hits, 0.00494%)"						
						"LTR.Gypsy (1hits, 0.00278%)"						
						DNA......						
8	CL8	1289473	12950	0.873	8.8	"Simple_repeat (264hits, 0.78%)"	Ty1-RH Ty1/copia AleI/Retrofit (1 hits 0.00772%)		95.55	56.59	5.60E-03	3.60E-01
												
												
												
												
												
												
						"Low_complexity (169hits, 0.532%)"						
						"LTR.Copia (5hits, 0.0168%)"						
						"DNA.CMC.EnSpm (3hits, 0.0112%)"						
						"LTR.Gypsy (2hits, 0.00853%)"						
						"DNA.hAT.Ac (2hits, 0.00783%)"						
						LINE.L1 (1h......						
9	CL9	1083629	11527	0.777	9.5				86.5	0.208	2.30E+01	4.60E+02
10	CL10	1103599	11211	0.756	10.3	"LTR.Copia (8895hits, 74%)"	Ty1-INT Ty1/copia Angela (2615 hits 23.3%)		22.79	1.195	6.30E-01	3.70E+00
												
												
												
												
												
												
							Ty1-RT Ty1/copia Angela (2235 hits 19.9%)					
							Ty1-RT Ty1/copia TAR (538 hits 4.8%)					
							Ty1-RH Ty1/copia Angela (396 hits 3.53%)					
							Ty1-RT Ty1/copia AleII (213 hits 1.9%......					
11	CL11	987753	10044	0.677	11	"LTR.Gypsy (5441hits, 49.1%)"	Ty3-RT Ty3/gypsy chromovirus (2013 hits 20%)		15.23	1.822	2.50E-01	2.10E+00
							Ty3-RH Ty3/gypsy chromovirus (1175 hits 11.7%)					
							Ty3-PROT Ty3/gypsy chromovirus (293 hits 2.92%)					
							Ty3-INT Ty3/gypsy chromovirus (135 hits 1.34%)					
							Ty3-GAG Ty3/g......					
												
												
						"Simple_repeat (87hits, 0.456%)"						
						"Low_complexity (5hits, 0.0253%)"						
12	CL12	911998	9611	0.648	11.6	"DNA.MULE.MuDR (1hits, 0.00493%)"			64.6	0.146	7.90E+01	5.10E+02
13	CL13	913884	9254	0.624	12.2	"DNA.hAT.Ac (698hits, 4.67%)"	DTA-CD1 NA NA (2945 hits 31.8%)		15.76	4.333	1.30E-02	3.50E-01
							LINE-ENDO NA NA (4 hits 0.0432%)					
												
												
												
												
												
						"Simple_repeat (318hits, 1.27%)"						
						"Low_complexity (48hits, 0.25%)"						
						"SINE.tRNA (5hits, 0.031%)"						
14	CL14	908261	9154	0.617	12.8	"Simple_repeat (599hits, 2.79%)"			28.6	2.917	3.60E-01	4.80E+00
												
												
												
												
												
												
						"Low_complexity (2hits, 0.00947%)"						
						"LTR.Gypsy (1hits, 0.00451%)"						
15	CL15	872086	8753	0.59	13.4	"Simple_repeat (2168hits, 8.65%)"			0.81	0.251	4.50E-04	3.70E-01
												
												
												
												
												
												
						"Low_complexity (7hits, 0.0288%)"						
16	CL16	827814	8396	0.566	14	"LTR.Gypsy (4524hits, 47.3%)"	Ty3-RT Ty3/gypsy Athila (998 hits 11.9%)		8.12	0.655	4.30E-02	6.40E-01
							Ty3-RH Ty3/gypsy Athila (613 hits 7.3%)					
							Ty3-GAG Ty3/gypsy Athila (609 hits 7.25%)					
							Ty3-PROT Ty3/gypsy Athila (405 hits 4.82%)					
							Ty3-PROT Ty3/gypsy Ogre/Tat (16 hi......					
												
												
						"Simple_repeat (18hits, 0.0691%)"						
						"Low_complexity (5hits, 0.0262%)"						
						"SINE (1hits, 0.00628%)"						
						"DNA.hAT.Tag1 (1hits, 0.00399%)"						
17	CL17	799644	8039	0.542	14.5	"Simple_repeat (371hits, 1.57%)"			67.23	35.41	1.80E-02	3.00E-01
												
												
												
												
												
												
						"Low_complexity (68hits, 0.378%)"						
						"LTR.Copia (12hits, 0.0733%)"						
						"RC.Helitron (2hits, 0.0163%)"						
						"DNA.MULE.MuDR (1hits, 0.0065%)"						
18	CL18	742594	7453	0.503	15.1	"Simple_repeat (1137hits, 9.49%)"	LINE-RT NA NA (1 hits 0.0134%)		74.91	42.79	7.80E-03	3.10E-01
							Ty1-RT Ty1/copia AleII (1 hits 0.0134%)					
												
												
												
												
												
						"Low_complexity (326hits, 2.83%)"						
						"LTR.Copia (3hits, 0.0183%)"						
						"LTR.Gypsy (2hits, 0.0148%)"						
						"LINE.L1 (2hits, 0.0133%)"						
						"DNA.MULE.MuDR (2hits, 0.0123%)"						
						DNA.CMC.E......						
19	CL19	715863	7239	0.488	15.5	"LTR.Copia (95hits, 0.677%)"			26.87	1.395	1.40E+00	6.30E+00
												
												
												
												
												
												
						"Simple_repeat (120hits, 0.49%)"						
						"DNA.hAT.Tag1 (4hits, 0.0298%)"						
						"Low_complexity (2hits, 0.0103%)"						
20	CL20	645808	6508	0.439	16	"Simple_repeat (50hits, 0.218%)"			19.67	1.844	4.10E-01	2.60E+00
												
												
												
												
												
												
						"DNA.CMC.EnSpm (4hits, 0.0197%)"						
						"DNA.MULE.MuDR (2hits, 0.0142%)"						
21	CL21	630158	6350	0.428	16.4	"Simple_repeat (102hits, 0.662%)"	Ty3-GAG Ty3/gypsy chromovirus (22 hits 0.346%)		28.69	8.472	1.80E-02	1.90E-01
												
												
												
												
												
												
						"Low_complexity (51hits, 0.308%)"						
						"LTR.Gypsy (6hits, 0.0424%)"						
						"LTR.Caulimovirus (5hits, 0.0268%)"						
22	CL22	606256	6086	0.41	16.8	"LTR.Copia (386hits, 5.52%)"			18.01	0.822	6.90E-01	3.90E+00
												
												
												
												
												
												
						"Simple_repeat (233hits, 1.58%)"						
						"Low_complexity (176hits, 1.38%)"						
						"RC.Helitron (1hits, 0.0111%)"						
23	CL23	591193	5976	0.403	17.2	"LTR.Gypsy (1789hits, 25.9%)"	Ty3-INT Ty3/gypsy Athila (1639 hits 27.4%)		16.06	2.945	6.70E-02	8.00E-01
							Ty1-GAG Ty1/copia Maximus/SIRE (2 hits 0.0335%)					
												
												
												
												
												
						"Simple_repeat (207hits, 1.26%)"						
						"Low_complexity (143hits, 1.07%)"						
						"LTR.Copia (6hits, 0.0541%)"						
24	CL24	578618	5878	0.396	17.6	"Simple_repeat (238hits, 1.53%)"			43.76	3.794	6.80E-02	2.20E+00
												
												
												
												
												
												
						"Low_complexity (42hits, 0.337%)"						
						"LTR.Copia (14hits, 0.145%)"						
						"DNA.MULE.MuDR (4hits, 0.0439%)"						
25	CL25	578010	5840	0.394	18	"LTR.Copia (1637hits, 25%)"			21.16	1.952	4.10E-01	2.60E+00
												
												
												
												
												
												
						"Simple_repeat (205hits, 1.38%)"						
						"Low_complexity (46hits, 0.463%)"						
						"LTR.Gypsy (6hits, 0.0877%)"						
26	CL26	568587	5737	0.387	18.4	"LTR.Gypsy (513hits, 6.97%)"	Ty3-CHDII Ty3/gypsy chromovirus (137 hits 2.39%)		42.69	6.746	5.40E-01	4.80E+00
							Ty3-INT Ty3/gypsy chromovirus (46 hits 0.802%)					
							Ty1-INT Ty1/copia Maximus/SIRE (1 hits 0.0174%)					
												
												
												
												
						"Low_complexity (87hits, 0.698%)"						
						"Simple_repeat (12hits, 0.0665%)"						
						"LTR.Copia (4hits, 0.032%)"						
27	CL27	544121	5506	0.371	18.8	"LTR.Copia (193hits, 2.75%)"	Ty1-GAG Ty1/copia Maximus/SIRE (374 hits 6.79%)		32.73	13.11	3.60E-02	9.10E-02
							Ty1-PROT Ty1/copia unclass(AleI/Retrofit) (1 hits 0.0182%)					
												
												
												
												
												
						"Simple_repeat (94hits, 0.549%)"						
						"Low_complexity (12hits, 0.0754%)"						
						"LTR.Gypsy (3hits, 0.0369%)"						
28	CL28	541382	5448	0.367	19.1	"LTR.Copia (3141hits, 52.1%)"			94.79	3.065	6.40E+00	1.70E+01
												
												
												
												
												
												
						"Simple_repeat (440hits, 3.73%)"						
						"Low_complexity (10hits, 0.0918%)"						
29	CL29	530764	5370	0.362	19.5				10.28	0.559	2.20E-01	2.30E+00
30	CL30	516839	5225	0.352	19.8	"DNA.CMC.EnSpm (961hits, 14.9%)"	DTC-CD1 NA NA (1032 hits 19.8%)		13.57	3.388	3.50E-03	5.70E-02
							DTA-CD1 NA NA (1 hits 0.0191%)					
												
												
												
												
												
						"Simple_repeat (66hits, 0.659%)"						
						"Low_complexity (21hits, 0.202%)"						
						"LTR.Gypsy (2hits, 0.018%)"						
						"DNA.MULE.MuDR (1hits, 0.0128%)"						
31	CL31	514582	5223	0.352	20.2	"rRNA (126hits, 1.56%)"			8.83	0.594	3.40E-02	4.60E-01
												
												
												
												
												
												
						"DNA.hAT.Ac (68hits, 1.17%)"						
						"Simple_repeat (34hits, 0.251%)"						
						"Low_complexity (17hits, 0.136%)"						
32	CL32	491556	4981	0.336	20.5	"LTR.Gypsy (2675hits, 45.8%)"	Ty3-INT Ty3/gypsy chromovirus (2164 hits 43.4%)		47.72	6.324	3.20E-01	2.40E+00
							Ty3-CHDII Ty3/gypsy chromovirus (238 hits 4.78%)					
							DHH-CD2 NA NA (1 hits 0.0201%)					
							Ty1-RT Ty1/copia AleII (1 hits 0.0201%)					
												
												
												
						"Simple_repeat (518hits, 5.4%)"						
						"Low_complexity (58hits, 0.581%)"						
						"LTR.Copia (7hits, 0.083%)"						
33	CL33	479021	4827	0.326	20.9	"LTR.Copia (1511hits, 25.8%)"	Ty1-PROT Ty1/copia AleII (221 hits 4.58%)		46.3	1.098	1.10E+00	7.90E+00
							Ty1-INT Ty1/copia Angela (147 hits 3.05%)					
							Ty1-PROT Ty1/copia Angela (91 hits 1.89%)					
							Ty1-PROT Ty1/copia TAR (4 hits 0.0829%)					
							Ty1-PROT Ty1/copia AleI/Retrofit (......					
												
												
						"Simple_repeat (9hits, 0.0685%)"						
						"Low_complexity (4hits, 0.0309%)"						
34	CL34	477009	4821	0.325	21.2	"LTR.Gypsy (93hits, 0.749%)"	Ty3-GAG Ty3/gypsy chromovirus (3 hits 0.0622%)		17.28	3.34	4.90E-02	7.70E-01
												
												
												
												
												
												
						"Simple_repeat (35hits, 0.228%)"						
						"Low_complexity (20hits, 0.169%)"						
						"DNA.hAT.Tag1 (2hits, 0.0241%)"						
35	CL35	473110	4750	0.32	21.5	"Simple_repeat (287hits, 1.86%)"	DHH-CD1 NA NA (1 hits 0.0211%)		94.61	53.71	4.60E-03	1.50E-01
							Ty1-RT Ty1/copia AleII (1 hits 0.0211%)					
												
												
												
												
												
						"Low_complexity (112hits, 0.899%)"						
						"LTR.Copia (12hits, 0.134%)"						
						"DNA.CMC.EnSpm (12hits, 0.131%)"						
36	CL36	472124	4746	0.32	21.8	"LTR.Gypsy (379hits, 6.4%)"	Ty3-CHDII Ty3/gypsy chromovirus (5 hits 0.105%)		28.4	4.003	2.30E-01	2.30E+00
							Ty1-RT Ty1/copia Tork (2 hits 0.0421%)					
							Ty1-RT Ty1/copia TAR (1 hits 0.0211%)					
												
												
												
												
						"LTR.Copia (246hits, 4.13%)"						
						"Simple_repeat (231hits, 2.78%)"						
						"Low_complexity (121hits, 1.36%)"						
37	CL37	461656	4656	0.314	22.1	"Simple_repeat (164hits, 1.53%)"	Ty3-RH Ty3/gypsy Ogre/Tat (36 hits 0.773%)		29.38	6.229	4.80E-02	1.50E+00
												
												
												
												
												
												
						"LTR.Gypsy (18hits, 0.315%)"						
						"LTR.Copia (8hits, 0.16%)"						
						"Low_complexity (4hits, 0.0349%)"						
38	CL38	454429	4582	0.309	22.5	"LTR.Copia (2751hits, 54.9%)"	Ty1-RT Ty1/copia TAR (475 hits 10.4%)		19.86	8.533	7.40E-03	1.50E-01
							Ty1-INT Ty1/copia TAR (422 hits 9.21%)					
							Ty1-RH Ty1/copia TAR (174 hits 3.8%)					
							Ty1-GAG Ty1/copia TAR (124 hits 2.71%)					
							Ty1-PROT Ty1/copia TAR (113 hits 2.47%)					
							Ty......					
												
						"LTR.Gypsy (20hits, 0.255%)"						
						"Simple_repeat (4hits, 0.0293%)"						
						"Low_complexity (2hits, 0.0136%)"						
39	CL39	452436	4561	0.308	22.8	"LTR.Gypsy (385hits, 4.62%)"	Ty3-GAG Ty3/gypsy Athila (3 hits 0.0658%)		29.18	4.232	4.60E-01	2.80E+00
							Ty1-INT Ty1/copia Ivana/Oryco (2 hits 0.0439%)					
							LINE-RT NA NA (1 hits 0.0219%)					
							Ty1-RT Ty1/copia AleII (1 hits 0.0219%)					
												
												
												
						"Simple_repeat (15hits, 0.128%)"						
						"Low_complexity (10hits, 0.0937%)"						
						"LTR.Copia (3hits, 0.0307%)"						
						"LTR (2hits, 0.0203%)"						
						"Satellite (1hits, 0.0115%)"						
40	CL40	447192	4494	0.303	23.1	"Simple_repeat (61hits, 0.595%)"			88.65	45.95	5.20E-01	3.50E+00
												
												
												
												
												
												
						"LTR.Copia (13hits, 0.207%)"						
						"Low_complexity (17hits, 0.19%)"						
						"DNA.hAT.Tip100 (1hits, 0.00827%)"						
41	CL41	420185	4244	0.286	23.3	"DNA.CMC.EnSpm (86hits, 1.04%)"			13.29	0.448	4.20E-01	2.00E+00
												
												
												
												
												
												
						"Simple_repeat (1hits, 0.00785%)"						
42	CL42	398372	4074	0.275	23.6	"LTR.Gypsy (1285hits, 25.6%)"	Ty3-INT Ty3/gypsy Ogre/Tat (699 hits 17.2%)		20.47	6.971	1.40E-02	7.40E-02
							Ty3-RT Ty3/gypsy Ogre/Tat (569 hits 14%)					
							Ty3-RH Ty3/gypsy Ogre/Tat (194 hits 4.76%)					
							Ty3-PROT Ty3/gypsy Ogre/Tat (46 hits 1.13%)					
							Ty1-INT Ty1/copia Maximus/SI......					
												
												
						"LTR.Copia (2hits, 0.0284%)"						
						"Simple_repeat (4hits, 0.0233%)"						
43	CL43	402109	4057	0.274	23.9	"DNA.hAT.Ac (457hits, 6.29%)"	DTA-CD1 NA NA (1302 hits 32.1%)		13.04	5.201	3.80E-03	9.90E-02
												
												
												
												
												
												
						"LTR.Copia (158hits, 2.33%)"						
						"Simple_repeat (34hits, 0.343%)"						
						"Low_complexity (4hits, 0.0547%)"						
						"LTR.Gypsy (2hits, 0.0209%)"						
44	CL44	402223	4056	0.274	24.2	"LTR.Gypsy (1100hits, 23.6%)"	Ty3-INT Ty3/gypsy chromovirus (1120 hits 27.6%)		21.1	1.874	5.80E-01	3.10E+00
												
												
												
												
												
												
						"Simple_repeat (4hits, 0.0283%)"						
45	CL45	374269	3820	0.258	24.4	"Simple_repeat (4hits, 0.0363%)"			8.53	0.314	4.20E-02	3.10E-01
46	CL46	358748	3618	0.244	24.7	"LTR.Copia (498hits, 12.1%)"	Ty1-GAG Ty1/copia Tork (25 hits 0.691%)		15.48	1.244	1.40E-01	1.50E+00
							DTM-CD1 NA NA (9 hits 0.249%)					
												
												
												
												
												
						"Simple_repeat (299hits, 2.99%)"						
						"Low_complexity (26hits, 0.329%)"						
47	CL47	345339	3499	0.236	24.9	"LTR.Copia (105hits, 2.2%)"			18.38	0.2	5.40E-01	3.10E+00
48	CL48	342423	3448	0.233	25.1	"Simple_repeat (154hits, 1.82%)"	Ty1-INT Ty1/copia Tork (1 hits 0.029%)		24.83	8.121	2.20E-02	4.30E-01
							Ty1-RH Ty1/copia AleII (1 hits 0.029%)					
												
												
												
												
												
						"LTR.Gypsy (54hits, 0.452%)"						
						"Low_complexity (33hits, 0.432%)"						
						"LTR.Copia (2hits, 0.0202%)"						
49	CL49	338143	3424	0.231	25.4	"LTR.Copia (1044hits, 25.7%)"	Ty1-INT Ty1/copia Angela (492 hits 14.4%)		10.51	1.782	6.40E-02	1.30E+00
							Ty1-RT Ty1/copia Angela (138 hits 4.03%)					
							Ty1-PROT Ty1/copia Angela (57 hits 1.66%)					
							Ty1-RT Ty1/copia AleII (48 hits 1.4%)					
							Ty1-PROT Ty1/copia AleII (22 hits 0.6......					
												
												
						"Simple_repeat (164hits, 1.23%)"						
						"Low_complexity (3hits, 0.0352%)"						
						"LTR.Gypsy (1hits, 0.0213%)"						
50	CL50	325965	3327	0.224	25.6	"LTR.Copia (163hits, 4.16%)"	Ty1-RT Ty1/copia AleII (117 hits 3.52%)		9.17	0.481	1.60E-01	5.10E-01
							Ty1-RT Ty1/copia unclass(Ale) (51 hits 1.53%)					
							Ty1-RT Ty1/copia AleI/Retrofit (19 hits 0.571%)					
												
												
												
												
						"Simple_repeat (1hits, 0.00491%)"						
51	CL51	326278	3311	0.223	25.8	"Simple_repeat (1hits, 0.00828%)"			4.44	1.48	4.60E-03	3.90E-01
52	CL52	305468	3162	0.213	26	"rRNA (2156hits, 65.5%)"			11.57	0.98	4.50E-02	6.00E-01
												
												
												
												
												
												
						"LTR.Gypsy (16hits, 0.324%)"						
53	CL53	310731	3160	0.213	26.2	"Simple_repeat (28hits, 0.27%)"			9.87	0.57	1.00E-02	1.30E-01
												
												
												
												
												
												
						"LINE.L1 (2hits, 0.0599%)"						
						"Low_complexity (1hits, 0.0103%)"						
54	CL54	303428	3144	0.212	26.5	"Simple_repeat (788hits, 7.86%)"			8.21	0.223	8.10E-03	3.80E-01
55	CL55	302760	3071	0.207	26.7	"LTR.Gypsy (116hits, 1.35%)"			10.26	0.423	1.50E-01	1.30E+00
												
												
												
												
												
												
						"Simple_repeat (6hits, 0.114%)"						
56	CL56	289495	2943	0.199	26.9	"LTR.Copia (679hits, 20.3%)"	Ty1-INT Ty1/copia AleII (172 hits 5.84%)		22.19	4.179	8.60E-03	6.80E-02
							Ty3-RT Ty3/gypsy chromovirus (169 hits 5.74%)					
							Ty1-RH Ty1/copia AleII (75 hits 2.55%)					
							Ty3-RH Ty3/gypsy chromovirus (64 hits 2.17%)					
							Ty1-GAG Ty1/copia AleII (45 h......					
												
												
						"LTR.Gypsy (528hits, 15.8%)"						
						"Simple_repeat (39hits, 0.799%)"						
						"Low_complexity (12hits, 0.16%)"						
57	CL57	285570	2913	0.196	27.1	"Low_complexity (9hits, 0.108%)"	Ty3-GAG Ty3/gypsy Ogre/Tat (56 hits 1.92%)		10.81	0.412	5.40E-02	2.70E-01
												
												
												
												
												
												
						"Simple_repeat (9hits, 0.105%)"						
58	CL58	279568	2847	0.192	27.3	"LTR.Caulimovirus (12hits, 0.349%)"	PARA-RH NA NA (6 hits 0.211%)		13.1	0.562	3.60E-02	2.80E-01
							Ty3-RH Ty3/gypsy chromovirus (6 hits 0.211%)					
												
												
												
												
												
						"Simple_repeat (24hits, 0.22%)"						
59	CL59	281353	2837	0.191	27.4	"Simple_repeat (123hits, 1.71%)"			4.9	0.493	2.80E-02	1.10E-01
												
												
												
												
												
												
						"Low_complexity (24hits, 0.37%)"						
60	CL60	278410	2810	0.19	27.6	"LTR.Gypsy (870hits, 27.7%)"	Ty3-INT Ty3/gypsy chromovirus (356 hits 12.7%)		35.52	8.221	2.00E-01	8.20E-01
							Ty3-RT Ty3/gypsy chromovirus (149 hits 5.3%)					
							Ty3-RH Ty3/gypsy chromovirus (98 hits 3.49%)					
							Ty3-CHDII Ty3/gypsy chromovirus (37 hits 1.32%)					
							Ty3-PROT Ty3/gy......					
												
												
						"Simple_repeat (34hits, 0.584%)"						
						"Low_complexity (7hits, 0.11%)"						
61	CL61	276742	2803	0.189	27.8	"LTR.Gypsy (66hits, 1.42%)"	Ty3-GAG Ty3/gypsy Athila (36 hits 1.28%)		23.15	5.209	2.70E-02	2.50E-01
												
												
												
												
												
												
						"Simple_repeat (56hits, 0.685%)"						
						"Low_complexity (28hits, 0.425%)"						
62	CL62	269178	2746	0.185	28	"DNA.CMC.EnSpm (63hits, 1.75%)"			16.39	0.364	9.10E-02	6.20E-01
												
												
												
												
												
												
						"Simple_repeat (10hits, 0.185%)"						
						"LTR.Copia (1hits, 0.0364%)"						
63	CL63	269749	2742	0.185	28.2	"Low_complexity (14hits, 0.249%)"			10.14	0.438	5.20E-02	4.70E-01
												
												
												
												
												
												
						"Simple_repeat (12hits, 0.248%)"						
64	CL64	271230	2740	0.185	28.4	"DNA.CMC.EnSpm (73hits, 2.4%)"			5.11	0.584	4.40E-02	1.80E-01
												
												
												
												
												
												
						"Simple_repeat (31hits, 0.417%)"						
						"Low_complexity (1hits, 0.0125%)"						
65	CL65	264334	2677	0.181	28.6	"Simple_repeat (369hits, 6.07%)"			87	7.658	5.20E-02	1.80E+00
												
												
												
												
												
												
						"Low_complexity (108hits, 2.23%)"						
						"DNA (6hits, 0.16%)"						
						"LTR.Gypsy (5hits, 0.1%)"						
						"LINE.L1 (1hits, 0.0284%)"						
						"DNA.MULE.MuDR (1hits, 0.0265%)"						
66	CL66	263760	2661	0.179	28.7	"Simple_repeat (94hits, 1.43%)"			5.52	1.015	2.70E-02	1.90E-01
												
												
												
												
												
												
						"Low_complexity (44hits, 0.704%)"						
67	CL67	260830	2634	0.178	28.9	"LINE.RTE.BovB (1513hits, 49.2%)"	LINE-RT NA NA (638 hits 24.2%)		31.28	16.67	2.00E-03	3.80E-02
							LINE-ENDO NA NA (317 hits 12%)					
												
												
												
												
												
						"Simple_repeat (12hits, 0.111%)"						
68	CL68	258325	2628	0.177	29.1	"LTR.Gypsy (50hits, 0.798%)"			49.01	20.93	0.00E+00	0.00E+00
												
												
												
												
												
												
						"LTR (13hits, 0.272%)"						
						"LTR.Copia (6hits, 0.135%)"						
						"Simple_repeat (7hits, 0.0813%)"						
						"Low_complexity (3hits, 0.0325%)"						
69	CL69	254067	2574	0.174	29.3	"Simple_repeat (12hits, 0.201%)"			5.98	0.894	2.90E-02	3.90E-01
												
												
												
												
												
												
						"Low_complexity (1hits, 0.0126%)"						
70	CL70	253408	2571	0.173	29.4	"LTR.Gypsy (1678hits, 60.5%)"	Ty3-RT Ty3/gypsy chromovirus (461 hits 17.9%)		17.31	1.478	1.70E-01	1.20E+00
							Ty3-INT Ty3/gypsy chromovirus (407 hits 15.8%)					
							Ty3-RH Ty3/gypsy chromovirus (270 hits 10.5%)					
							Ty3-GAG Ty3/gypsy chromovirus (56 hits 2.18%)					
							Ty3-CHDII Ty3/g......					
												
												
						"Simple_repeat (4hits, 0.0474%)"						
						"LTR.Copia (1hits, 0.0343%)"						
71	CL71	246324	2517	0.17	29.6	"LTR.Copia (142hits, 4.23%)"	Ty1-RT Ty1/copia AleII (56 hits 2.22%)		7.67	0.636	3.70E-02	1.60E-01
							Ty1-RH Ty1/copia AleII (40 hits 1.59%)					
							Ty3-RH Ty3/gypsy chromovirus (21 hits 0.834%)					
							Ty1-RH Ty1/copia AleI/Retrofit (1 hits 0.0397%)					
							Ty1-RT Ty1/copia unclass(Ale......					
												
												
						"LTR.Gypsy (35hits, 0.986%)"						
72	CL72	246627	2507	0.169	29.8	"Simple_repeat (48hits, 0.79%)"			1.16	0.518	0.00E+00	0.00E+00
												
												
												
												
												
												
						"Low_complexity (1hits, 0.0182%)"						
73	CL73	244841	2463	0.166	29.9	"LTR.Gypsy (57hits, 0.799%)"	DTM-CD1 NA NA (1 hits 0.0406%)		29.44	8.729	1.10E-01	1.80E+00
												
												
												
												
												
												
						"Simple_repeat (40hits, 0.567%)"						
						"Low_complexity (8hits, 0.12%)"						
						"LTR.Copia (2hits, 0.0368%)"						
74	CL74	241260	2456	0.166	30.1	"LTR.Copia (1186hits, 43.4%)"	Ty1-RT Ty1/copia Angela (399 hits 16.2%)		9.85	0.611	1.60E-01	1.30E+00
							Ty1-INT Ty1/copia Angela (291 hits 11.8%)					
							Ty1-RH Ty1/copia Angela (123 hits 5.01%)					
							Ty1-RT Ty1/copia TAR (59 hits 2.4%)					
							Ty1-PROT Ty1/copia Angela (50 hits 2.04%......					
												
												
						"Simple_repeat (1hits, 0.00829%)"						
75	CL75	239403	2420	0.163	30.3	"LTR.Copia (121hits, 4%)"			7.52	0.331	2.10E-02	1.20E-01
												
												
												
												
												
												
						"Simple_repeat (20hits, 0.226%)"						
						"Low_complexity (12hits, 0.135%)"						
76	CL76	239230	2413	0.163	30.4	"Simple_repeat (184hits, 2.89%)"	Ty1-RH Ty1/copia AleI/Retrofit (36 hits 1.49%)		22.59	1.368	8.50E-01	3.90E+00
												
												
												
												
												
												
						"Low_complexity (77hits, 1.3%)"						
						"LTR.Copia (41hits, 0.917%)"						
77	CL77	233536	2398	0.162	30.6	"rRNA (5hits, 0.176%)"			13.01	0.584	8.20E-03	1.70E-01
78	CL78	235040	2395	0.162	30.8	"Simple_repeat (35hits, 0.833%)"			6.47	0.626	0.00E+00	0.00E+00
												
												
												
												
												
												
						"LINE.L1 (3hits, 0.12%)"						
						"Low_complexity (2hits, 0.0715%)"						
79	CL79	235829	2372	0.16	30.9	"DNA.PIF.Harbinger (348hits, 12.2%)"	DTH-CD1 NA NA (221 hits 9.32%)		62.23	28.12	5.70E-02	2.10E-01
												
												
												
												
												
												
						"Simple_repeat (67hits, 1.13%)"						
						"DNA.MULE.MuDR (21hits, 0.591%)"						
						"Low_complexity (22hits, 0.423%)"						
						"DNA.CMC.EnSpm (1hits, 0.0212%)"						
80	CL80	230462	2353	0.159	31.1	"LTR.Gypsy (33hits, 1.32%)"	Ty3-GAG Ty3/gypsy chromovirus (36 hits 1.53%)		12.79	0.68	1.40E-02	8.50E-02
												
												
												
												
												
												
						"Simple_repeat (12hits, 0.173%)"						
						"Low_complexity (6hits, 0.0729%)"						
81	CL81	228677	2310	0.156	31.2	"Simple_repeat (146hits, 2.42%)"	Ty3-GAG Ty3/gypsy Athila (13 hits 0.563%)		28.83	10.04	7.70E-03	8.70E-02
												
												
												
												
												
												
						"LTR.Gypsy (63hits, 1.5%)"						
						"Low_complexity (53hits, 1.01%)"						
						"LTR.Copia (7hits, 0.254%)"						
						"LTR (1hits, 0.0354%)"						
82	CL82	225154	2287	0.154	31.4	"DNA.MULE.MuDR (18hits, 0.28%)"	Ty1-RT Ty1/copia Tork (1 hits 0.0437%)		9.49	0.437	1.10E-01	7.00E-01
												
												
												
												
												
												
						"LTR.Copia (11hits, 0.258%)"						
						"Simple_repeat (17hits, 0.208%)"						
						"Low_complexity (10hits, 0.199%)"						
83	CL83	219592	2224	0.15	31.5	"LTR.Copia (1239hits, 51.8%)"	Ty1-RT Ty1/copia TAR (250 hits 11.2%)		25.63	10.3	5.20E-03	4.50E-02
							Ty1-INT Ty1/copia TAR (197 hits 8.86%)					
							Ty1-RH Ty1/copia TAR (142 hits 6.38%)					
							Ty1-GAG Ty1/copia TAR (51 hits 2.29%)					
							Ty1-PROT Ty1/copia TAR (44 hits 1.98%)					
							Ty1......					
												
						"Simple_repeat (11hits, 0.184%)"						
						"Low_complexity (7hits, 0.111%)"						
84	CL84	210318	2118	0.143	31.7	"Low_complexity (36hits, 1.22%)"	Ty1-RH Ty1/copia Angela (27 hits 1.27%)		27.2	1.416	6.30E-02	1.00E+00
							Ty1-RH Ty1/copia Tork (12 hits 0.567%)					
							Ty1-INT Ty1/copia Angela (1 hits 0.0472%)					
												
												
												
												
						"LTR.Copia (30hits, 1.2%)"						
						"Simple_repeat (10hits, 0.315%)"						
85	CL85	206100	2103	0.142	31.8	"DNA.TcMar.Stowaway (22hits, 0.531%)"	PARA-RT NA NA (30 hits 1.43%)		9.37	0.571	4.20E-03	4.80E-02
												
												
												
												
												
												
						"Simple_repeat (34hits, 0.395%)"						
						"RC.Helitron (10hits, 0.22%)"						
86	CL86	203773	2053	0.138	32				20.7	0.779	5.40E-01	3.50E+00
87	CL87	200429	2033	0.137	32.1	"Simple_repeat (41hits, 0.754%)"			8.31	0.984	7.80E-03	9.80E-02
												
												
												
												
												
												
						"Low_complexity (13hits, 0.345%)"						
						"LTR.Copia (1hits, 0.0384%)"						
88	CL88	196773	1999	0.135	32.2	"Simple_repeat (72hits, 1.67%)"			20.66	0.45	5.60E-02	2.00E+00
												
												
												
												
												
												
						"Low_complexity (8hits, 0.304%)"						
89	CL89	191861	1957	0.132	32.4	"LINE.L1 (28hits, 0.778%)"	LINE-RT NA NA (33 hits 1.69%)		5.77	0.613	0.00E+00	0.00E+00
90	CL90	191301	1953	0.132	32.5	"LTR.Gypsy (105hits, 4.32%)"	Ty3-RH Ty3/gypsy chromovirus (64 hits 3.28%)		4.46	0.41	2.70E-02	1.50E-01
							Ty3-INT Ty3/gypsy chromovirus (46 hits 2.36%)					
												
												
												
												
												
						"LTR.Copia (16hits, 0.243%)"						
91	CL91	191893	1945	0.131	32.6	"LTR.Copia (84hits, 3.65%)"			23.39	0.925	1.10E-02	3.10E-01
												
												
												
												
												
												
						"Simple_repeat (89hits, 1%)"						
92	CL92	186388	1901	0.128	32.8	"Simple_repeat (16hits, 0.364%)"			5.31	0.947	8.70E-03	5.30E-02
												
												
												
												
												
												
						"Low_complexity (1hits, 0.0139%)"						
93	CL93	186464	1881	0.127	32.9	"LTR.Gypsy (34hits, 1.46%)"	Ty3-INT Ty3/gypsy chromovirus (22 hits 1.17%)		4.52	0.319	5.30E-03	1.10E-01
												
												
												
												
												
												
						"Simple_repeat (57hits, 1.17%)"						
						"Low_complexity (31hits, 0.675%)"						
94	CL94	177723	1880	0.127	33				98.83	0.319	9.20E+01	1.50E+03
95	CL95	185541	1879	0.127	33.1	"Simple_repeat (94hits, 1.91%)"			5.06	0.585	0.00E+00	0.00E+00
												
												
												
												
												
												
						"Low_complexity (40hits, 0.941%)"						
						"LTR.Gypsy (20hits, 0.388%)"						
96	CL96	180525	1843	0.124	33.3	"LTR.Gypsy (41hits, 2.07%)"	Ty3-RT Ty3/gypsy Ogre/Tat (45 hits 2.44%)		5.26	0.597	9.20E-03	5.40E-02
							Ty1-RT Ty1/copia AleI/Retrofit (21 hits 1.14%)					
							Ty1-RT Ty1/copia AleII (10 hits 0.543%)					
												
												
												
												
						"LTR.Copia (43hits, 1.77%)"						
						"Simple_repeat (1hits, 0.0116%)"						
97	CL97	181092	1826	0.123	33.4	"Low_complexity (118hits, 2.65%)"			15.66	0.164	3.20E-01	4.30E+00
												
												
												
												
												
												
						"Simple_repeat (141hits, 2.44%)"						
98	CL98	177240	1790	0.121	33.5	"Simple_repeat (209hits, 4.38%)"			58.88	32.57	0.00E+00	0.00E+00
												
												
												
												
												
												
						"Low_complexity (10hits, 0.301%)"						
						"DNA.hAT.Ac (4hits, 0.157%)"						
						"DNA.CMC.EnSpm (1hits, 0.0446%)"						
						"RC.Helitron (1hits, 0.0446%)"						
99	CL99	174714	1782	0.12	33.6	"Simple_repeat (1hits, 0.0143%)"			11.11	0.786	2.80E-02	2.20E-01
100	CL100	172563	1745	0.118	33.7	"Simple_repeat (81hits, 1.51%)"			7.85	0.688	0.00E+00	0.00E+00
												
												
												
												
												
												
						"Low_complexity (8hits, 0.159%)"						
101	CL101	170396	1721	0.116	33.9	"LTR.Copia (48hits, 2.33%)"			22.84	1.453	3.30E-01	4.20E+00
												
												
												
												
												
												
						"Low_complexity (44hits, 1.37%)"						
						"Simple_repeat (16hits, 0.482%)"						
102	CL102	170301	1720	0.116	34	"LTR.Gypsy (368hits, 16.3%)"			25.58	7.326	5.40E-02	3.50E-01
												
												
												
												
												
												
						"LTR.Copia (42hits, 1.98%)"						
						"Simple_repeat (61hits, 1.46%)"						
						"Low_complexity (46hits, 1.26%)"						
						"RC.Helitron (1hits, 0.0252%)"						
103	CL103	167876	1695	0.114	34.1	"Simple_repeat (1hits, 0.0119%)"			7.73	0.59	2.40E-02	1.80E-01
104	CL104	166013	1676	0.113	34.2	"Simple_repeat (2hits, 0.0626%)"			5.97	0.716	1.40E-02	3.00E-01
												
												
												
												
												
												
						"Low_complexity (2hits, 0.0488%)"						
105	CL105	164040	1659	0.112	34.3	"Simple_repeat (27hits, 0.767%)"			57.93	9.162	1.00E-01	1.90E+00
												
												
												
												
												
												
						"LTR.Copia (31hits, 0.666%)"						
						"Low_complexity (1hits, 0.0555%)"						
						"DNA.hAT.Ac (1hits, 0.0299%)"						
106	CL106	160970	1629	0.11	34.4	"Simple_repeat (305hits, 12.8%)"			34.07	1.842	2.60E-02	8.60E-01
107	CL107	160942	1625	0.11	34.5	"LTR.Copia (1450hits, 83.8%)"	Ty1-RT Ty1/copia Angela (341 hits 21%)		33.78	14.83	1.60E-02	1.20E-01
							Ty1-RH Ty1/copia Angela (151 hits 9.29%)					
							Ty1-RT Ty1/copia Tork (21 hits 1.29%)					
							Ty1-RT Ty1/copia TAR (19 hits 1.17%)					
							Ty1-RT Ty1/copia AleII (17 hits 1.05%)					
							T......					
												
						"Simple_repeat (3hits, 0.0864%)"						
108	CL108	161326	1623	0.109	34.6	"LTR.Gypsy (40hits, 1.47%)"	Ty3-INT Ty3/gypsy chromovirus (1 hits 0.0616%)		31.24	11.65	0.00E+00	0.00E+00
												
												
												
												
												
												
						"Simple_repeat (16hits, 0.405%)"						
						"Low_complexity (3hits, 0.0942%)"						
						"LTR.Copia (1hits, 0.0279%)"						
109	CL109	158091	1602	0.108	34.8	"LTR.Gypsy (448hits, 22.6%)"	Ty3-GAG Ty3/gypsy chromovirus (73 hits 4.56%)		25.09	8.052	2.70E-02	3.10E-01
							Ty3-PROT Ty3/gypsy chromovirus (73 hits 4.56%)					
							Ty3-CHDCR Ty3/gypsy chromovirus (16 hits 0.999%)					
							Ty3-INT Ty3/gypsy chromovirus (5 hits 0.312%)					
							Ty3-RT Ty3/g......					
												
												
						"Simple_repeat (54hits, 0.827%)"						
						"Low_complexity (22hits, 0.469%)"						
						"LTR.Copia (1hits, 0.0259%)"						
110	CL110	155558	1590	0.107	34.9	"LTR.Copia (34hits, 1.73%)"	Ty1-RT Ty1/copia AleI/Retrofit (40 hits 2.52%)		10.69	0.629	1.10E-02	1.30E-01
							Ty3-INT Ty3/gypsy Ogre/Tat (26 hits 1.64%)					
												
												
												
												
												
						"LTR.Gypsy (25hits, 1.02%)"						
						"DNA.CMC.EnSpm (17hits, 0.458%)"						
111	CL111	153603	1568	0.106	35	"LTR.Copia (175hits, 9.5%)"	Ty1-RT Ty1/copia AleI/Retrofit (149 hits 9.5%)		8.16	0.574	0.00E+00	0.00E+00
												
												
												
												
												
												
							Ty1-RT Ty1/copia AleII (22 hits 1.4%)					
							Ty3-GAG Ty3/gypsy chromovirus (1 hits 0.0638%)					
112	CL112	152422	1537	0.104	35.1	"LTR.Copia (617hits, 35.1%)"	Ty1-RT Ty1/copia Maximus/SIRE (128 hits 8.33%)		18.93	4.489	2.10E-02	2.00E-01
							Ty1-INT Ty1/copia Maximus/SIRE (100 hits 6.51%)					
							Ty1-RH Ty1/copia Maximus/SIRE (62 hits 4.03%)					
							Ty1-PROT Ty1/copia Maximus/SIRE (28 hits 1.82%)					
							Ty1-INT Ty1......					
												
												
						"Simple_repeat (6hits, 0.165%)"						
						"LTR.Gypsy (1hits, 0.00787%)"						
113	CL113	150929	1521	0.103	35.2	"Simple_repeat (1hits, 0.0219%)"			10.32	1.118	2.60E-02	5.30E-01
114	CL114	149340	1512	0.102	35.3	"Low_complexity (3hits, 0.104%)"			11.38	0.728	8.80E-02	7.30E-01
115	CL115	142385	1447	0.098	35.4	"Simple_repeat (14hits, 0.353%)"			16.66	0.484	4.10E-02	4.10E-01
												
												
												
												
												
												
						"Low_complexity (5hits, 0.172%)"						
116	CL116	142170	1443	0.097	35.5	"LTR.Copia (679hits, 41.8%)"	Ty1-RT Ty1/copia AleII (202 hits 14%)		12.27	0.901	6.90E-03	6.90E-02
							Ty1-INT Ty1/copia AleII (138 hits 9.56%)					
							Ty3-INT Ty3/gypsy chromovirus (76 hits 5.27%)					
							Ty1-RH Ty1/copia AleII (73 hits 5.06%)					
							Ty1-GAG Ty1/copia AleII (59 hits 4.0......					
												
												
						"LTR.Gypsy (107hits, 5.98%)"						
117	CL117	138658	1403	0.095	35.6	"Simple_repeat (67hits, 1.79%)"			7.91	1.354	0.00E+00	0.00E+00
												
												
												
												
												
												
						"Low_complexity (34hits, 0.859%)"						
118	CL118	136603	1389	0.094	35.7	"Low_complexity (27hits, 0.928%)"			18.79	0.504	7.40E-03	1.40E-01
												
												
												
												
												
												
						"Simple_repeat (35hits, 0.805%)"						
119	CL119	132868	1385	0.093	35.7	"rRNA (119hits, 6.26%)"			27.51	1.011	7.00E-02	2.90E-01
120	CL120	134368	1371	0.092	35.8	"LTR.Copia (37hits, 2.4%)"			9.55	1.021	5.60E-02	2.20E-01
												
												
												
												
												
												
						"rRNA (15hits, 0.555%)"						
						"Low_complexity (7hits, 0.214%)"						
121	CL121	134296	1370	0.092	35.9	"DNA.CMC.EnSpm (21hits, 0.676%)"			9.2	0.511	0.00E+00	0.00E+00
												
												
												
												
												
												
						"DNA.MULE.MuDR (14hits, 0.599%)"						
						"LINE.L1 (2hits, 0.0603%)"						
						"LTR.Copia (1hits, 0.0328%)"						
122	CL122	132276	1346	0.091	36	"LTR.Gypsy (1039hits, 70.5%)"	Ty3-INT Ty3/gypsy Athila (311 hits 23.1%)		10.7	1.857	0.00E+00	0.00E+00
							Ty3-RT Ty3/gypsy Athila (236 hits 17.5%)					
							Ty3-RH Ty3/gypsy Athila (132 hits 9.81%)					
							Ty3-PROT Ty3/gypsy Athila (42 hits 3.12%)					
												
												
												
						"Low_complexity (2hits, 0.12%)"						
						"LTR.Copia (2hits, 0.119%)"						
						"Simple_repeat (3hits, 0.113%)"						
						"LTR (2hits, 0.109%)"						
						"LTR.Copia. (2hits, 0.101%)"						
123	CL123	128270	1324	0.089	36.1	"LTR.Copia (257hits, 15.6%)"			22.21	0.831	1.80E-02	3.00E-01
												
												
												
												
												
												
						"rRNA (119hits, 5.24%)"						
124	CL124	125805	1294	0.087	36.2	"Simple_repeat (13hits, 0.371%)"			9.74	0.464	0.00E+00	0.00E+00
125	CL125	127919	1291	0.087	36.3	"LTR.Gypsy (128hits, 5.82%)"	Ty3-GAG Ty3/gypsy Athila (82 hits 6.35%)		19.44	4.105	2.10E-02	3.10E-01
							Ty3-INT Ty3/gypsy chromovirus (10 hits 0.775%)					
							Ty3-RH Ty3/gypsy chromovirus (1 hits 0.0775%)					
												
												
												
												
						"Simple_repeat (14hits, 0.454%)"						
						"LTR.Copia. (5hits, 0.184%)"						
126	CL126	124933	1266	0.085	36.4	"Simple_repeat (33hits, 1.18%)"			36.33	0.553	5.10E-01	3.90E+00
												
												
												
												
												
												
						"Low_complexity (16hits, 0.419%)"						
127	CL127	123949	1261	0.085	36.5	"LTR.Copia (143hits, 8.14%)"	Ty1-RT Ty1/copia AleI/Retrofit (50 hits 3.97%)		4.52	0.238	1.30E-02	7.90E-02
							Ty1-RT Ty1/copia AleII (47 hits 3.73%)					
							Ty1-RH Ty1/copia AleI/Retrofit (18 hits 1.43%)					
							Ty1-RT Ty1/copia Ivana/Oryco (13 hits 1.03%)					
												
												
												
						"Low_complexity (10hits, 0.262%)"						
128	CL128	123860	1260	0.085	36.5	"DNA.hAT.Tip100 (16hits, 0.736%)"			8.41	0.159	0.00E+00	0.00E+00
129	CL129	124000	1259	0.085	36.6	"LTR.Copia (22hits, 0.648%)"			12.63	1.033	5.40E-02	1.60E-01
130	CL130	118549	1201	0.081	36.7	"LTR.Gypsy (81hits, 4%)"	Ty3-GAG Ty3/gypsy Athila (53 hits 4.41%)		17.4	3.497	2.30E-02	2.50E-01
												
												
												
												
												
												
						"Simple_repeat (23hits, 0.824%)"						
						"LTR (4hits, 0.235%)"						
						"Low_complexity (6hits, 0.229%)"						
						"LTR.Copia (1hits, 0.0245%)"						
131	CL131	118782	1197	0.081	36.8	"DNA.MULE.MuDR (57hits, 3.37%)"			15.62	0.585	3.20E-02	3.30E-01
												
												
												
												
												
												
						"Simple_repeat (50hits, 1.52%)"						
132	CL132	117181	1194	0.081	36.9	"LTR.Gypsy (171hits, 12.6%)"	Ty3-RT Ty3/gypsy chromovirus (74 hits 6.2%)		7.71	0.586	1.40E-02	1.70E-01
							Ty3-RH Ty3/gypsy chromovirus (41 hits 3.43%)					
							Ty1-RH Ty1/copia AleI/Retrofit (4 hits 0.335%)					
												
												
												
												
						"LTR.Copia (23hits, 1.65%)"						
133	CL133	115253	1162	0.078	36.9	"LTR.Copia (216hits, 14%)"			6.54	0.861	0.00E+00	0.00E+00
												
												
												
												
												
												
						"Simple_repeat (46hits, 1.62%)"						
						"Low_complexity (23hits, 0.736%)"						
134	CL134	113710	1147	0.077	37	"Simple_repeat (26hits, 0.913%)"			13.69	0.785	2.80E-02	3.50E-01
												
												
												
												
												
												
						"Low_complexity (1hits, 0.0405%)"						
135	CL135	113870	1145	0.077	37.1	"DNA.CMC.EnSpm (20hits, 1.27%)"			38.17	9.956	0.00E+00	0.00E+00
												
												
												
												
												
												
						"Simple_repeat (23hits, 0.778%)"						
						"RC.Helitron (3hits, 0.188%)"						
						"Low_complexity (2hits, 0.0536%)"						
						"LTR.Gypsy (1hits, 0.0448%)"						
136	CL136	112003	1137	0.077	37.2	"LTR.Caulimovirus (251hits, 19.3%)"	PARA-RT NA NA (186 hits 16.4%)		20.14	4.925	4.40E-01	1.30E+00
							PARA-RH NA NA (96 hits 8.44%)					
							Ty3-RT Ty3/gypsy chromovirus (3 hits 0.264%)					
												
												
												
												
						"Simple_repeat (9hits, 0.385%)"						
						"Low_complexity (3hits, 0.146%)"						
						"LTR.Gypsy (1hits, 0.0455%)"						
137	CL137	109471	1101	0.074	37.3	"Simple_repeat (31hits, 1.7%)"			44.41	2.271	6.10E-02	1.40E+00
												
												
												
												
												
												
						"Low_complexity (27hits, 1.31%)"						
						"Satellite (2hits, 0.124%)"						
						"LTR.Copia (4hits, 0.121%)"						
						"LTR.Gypsy (2hits, 0.0776%)"						
138	CL138	108495	1098	0.074	37.3	"DNA.hAT.Ac (139hits, 10.8%)"	DTA-CD1 NA NA (159 hits 14.5%)		54.83	31.6	1.70E-02	9.10E-02
												
												
												
												
												
												
						"Simple_repeat (129hits, 5.24%)"						
						"Low_complexity (48hits, 2.13%)"						
139	CL139	106632	1089	0.073	37.4		Ty3-GAG Ty3/gypsy Ogre/Tat (9 hits 0.826%)		8.17	0.092	0.00E+00	0.00E+00
140	CL140	105749	1073	0.072	37.5	"LTR.Copia (832hits, 70.5%)"	Ty1-RT Ty1/copia Angela (371 hits 34.6%)		33.64	1.771	3.60E-01	2.70E+00
												
												
												
												
												
												
							Ty1-RH Ty1/copia Angela (175 hits 16.3%)					
							Ty1-RT Ty1/copia TAR (88 hits 8.2%)					
							Ty1-RH Ty1/copia Tork (58 hits 5.41%)					
							Ty1-RH Ty1/copia TAR (32 hits 2.98%)					
							Ty......					
141	CL141	103220	1059	0.071	37.5	"Simple_repeat (102hits, 2.38%)"			31.26	0.189	1.00E-01	1.40E+00
												
												
												
												
												
												
						"Low_complexity (6hits, 0.293%)"						
142	CL142	103539	1043	0.07	37.6	"Low_complexity (7hits, 0.402%)"			32.12	6.328	1.00E-01	5.80E-01
												
												
												
												
												
												
						"Simple_repeat (7hits, 0.228%)"						
143	CL143	101353	1028	0.069	37.7	"Low_complexity (36hits, 2.09%)"			52.72	25	1.30E-02	9.70E-02
												
												
												
												
												
												
						"Simple_repeat (43hits, 1.37%)"						
144	CL144	100711	1015	0.069	37.8	"LTR.Copia (192hits, 15.9%)"	Ty1-RT Ty1/copia Angela (2 hits 0.197%)		22.56	9.852	0.00E+00	0.00E+00
							Ty1-RT Ty1/copia Tork (1 hits 0.0985%)					
												
												
												
												
												
						"Simple_repeat (22hits, 1.09%)"						
						"Low_complexity (1hits, 0.0417%)"						
145	CL145	99140	1000	0.067	37.8	"Simple_repeat (59hits, 1.81%)"			2.6	1.1	1.30E-02	3.00E-01
												
												
												
												
												
												
						"Low_complexity (1hits, 0.0646%)"						
146	CL146	98890	998	0.067	37.9	"Simple_repeat (34hits, 1.4%)"			88.98	49.4	0.00E+00	0.00E+00
												
												
												
												
												
												
						"Low_complexity (4hits, 0.167%)"						
						"DNA.hAT.Ac (1hits, 0.0698%)"						
147	CL147	96705	997	0.067	38	"Simple_repeat (960hits, 94.5%)"			10.53	8.325	0.00E+00	0.00E+00
												
												
												
												
												
												
						"LINE.L1 (26hits, 2.57%)"						
						"LINE.Penelope (12hits, 1.21%)"						
						"Low_complexity (1hits, 0.0372%)"						
						"DNA.Sola (1hits, 0.0362%)"						
148	CL148	97227	993	0.067	38				10.98	0.201	5.30E-02	4.00E-01
149	CL149	97357	992	0.067	38.1				9.48	0.605	1.70E-02	2.00E-01
150	CL150	96334	985	0.066	38.2	"LTR.Copia (23hits, 1.61%)"			8.22	0.305	0.00E+00	0.00E+00
151	CL151	96290	982	0.066	38.2	"LTR.Copia (24hits, 2.02%)"	Ty1-RT Ty1/copia AleI/Retrofit (19 hits 1.93%)		11.61	0.611	0.00E+00	0.00E+00
							Ty3-RT Ty3/gypsy chromovirus (11 hits 1.12%)					
							Ty1-RT Ty1/copia AleII (1 hits 0.102%)					
												
												
												
												
						"LTR.Gypsy (22hits, 1.9%)"						
						"Simple_repeat (24hits, 0.744%)"						
						"Low_complexity (9hits, 0.271%)"						
152	CL152	95001	973	0.066	38.3	"Low_complexity (5hits, 0.2%)"			11.41	0.617	8.90E-03	1.00E-01
153	CL153	96172	971	0.066	38.4	"DNA.hAT.Ac (277hits, 24%)"	DTA-CD1 NA NA (350 hits 36%)		19.05	4.84	0.00E+00	0.00E+00
												
												
												
												
												
												
						"Simple_repeat (23hits, 1.16%)"						
						"Low_complexity (4hits, 0.166%)"						
154	CL154	94906	971	0.066	38.4	"LTR.Gypsy (4hits, 0.152%)"	LINE-ENDO NA NA (9 hits 0.927%)		7.52	0.309	0.00E+00	0.00E+00
155	CL155	94357	947	0.064	38.5	"LTR.Copia (871hits, 88.1%)"	Ty1-RH Ty1/copia Angela (50 hits 5.28%)		20.59	9.609	5.90E-01	7.40E+00
							Ty1-RH Ty1/copia Tork (1 hits 0.106%)					
												
												
												
												
												
						"Simple_repeat (2hits, 0.0339%)"						
156	CL156	91579	930	0.063	38.5	"Simple_repeat (20hits, 0.843%)"			9.25	0	5.70E-02	5.40E-01
157	CL157	91485	920	0.062	38.6	"LTR.Copia (202hits, 14.2%)"	Ty1-RT Ty1/copia AleI/Retrofit (2 hits 0.217%)		95.22	51.96	6.60E-03	2.20E-01
							Ty1-RH Ty1/copia AleII (1 hits 0.109%)					
												
												
												
												
												
						"DNA.CMC.EnSpm (2hits, 0.177%)"						
						"Simple_repeat (3hits, 0.108%)"						
						"Low_complexity (1hits, 0.0448%)"						
158	CL158	90388	920	0.062	38.7	"Simple_repeat (13hits, 0.467%)"			6.74	0.543	1.90E-02	1.10E-01
159	CL159	88920	913	0.062	38.7	"Simple_repeat (6hits, 0.138%)"			11.5	1.095	2.10E-02	2.20E-01
160	CL160	87513	886	0.06	38.8	"DNA.MULE.MuDR (65hits, 5.36%)"	DTM-CD1 NA NA (309 hits 34.9%)		23.7	9.481	8.80E-01	2.30E+00
												
												
												
												
												
												
						"Simple_repeat (23hits, 1.03%)"						
						"DNA.CMC.EnSpm (4hits, 0.206%)"						
						"DNA.hAT.Ac (2hits, 0.125%)"						
						"LINE.L1 (1hits, 0.0628%)"						
161	CL161	86402	881	0.059	38.9	"LTR.Gypsy (145hits, 15%)"	Ty3-INT Ty3/gypsy Ogre/Tat (172 hits 19.5%)		11.01	0.454	1.00E-02	1.10E-01
							Ty3-RH Ty3/gypsy Ogre/Tat (31 hits 3.52%)					
												
												
												
												
												
						"Simple_repeat (13hits, 0.638%)"						
162	CL162	86323	874	0.059	38.9	"LTR.Copia (194hits, 13.3%)"	DTA-CD1 NA NA (131 hits 15%)		67.73	8.81	6.80E-02	4.60E-01
												
												
												
												
												
												
						"DNA.hAT.Ac (81hits, 7.35%)"						
						"LTR.Gypsy (114hits, 6.66%)"						
						"Low_complexity (50hits, 3.56%)"						
						"Simple_repeat (56hits, 3.02%)"						
163	CL163	85733	868	0.059	39	"Simple_repeat (23hits, 0.657%)"			12.9	0.23	1.80E-02	2.30E-01
164	CL164	85564	866	0.058	39	"Simple_repeat (6hits, 0.359%)"			5.08	3.233	0.00E+00	0.00E+00
165	CL165	84600	861	0.058	39.1				13.36	0.581	2.00E-02	2.30E-01
166	CL166	84929	857	0.058	39.1	"Low_complexity (3hits, 0.157%)"			7.35	1.984	3.50E-02	5.80E-01
												
												
												
												
												
												
						"Simple_repeat (1hits, 0.0424%)"						
167	CL167	84013	851	0.057	39.2	"Low_complexity (17hits, 0.808%)"			14.92	0.94	2.50E-01	1.10E+00
												
												
												
												
												
												
						"Simple_repeat (6hits, 0.413%)"						
168	CL168	84378	850	0.057	39.3	"Simple_repeat (8hits, 0.328%)"			0.71	0	0.00E+00	0.00E+00
												
												
												
												
												
												
						"Low_complexity (1hits, 0.0711%)"						
169	CL169	81530	847	0.057	39.3	"rRNA (837hits, 97.1%)"			2.01	0.236	0.00E+00	0.00E+00
170	CL170	83666	839	0.057	39.4	"RC.Helitron (406hits, 40.8%)"	DHH-CD2 NA NA (658 hits 78.4%)		33.97	10.85	0.00E+00	0.00E+00
												
												
												
												
												
												
						"Simple_repeat (11hits, 0.488%)"						
						"Low_complexity (2hits, 0.106%)"						
171	CL171	82037	838	0.057	39.4				11.93	0.358	2.20E-02	1.20E-01
172	CL172	80080	819	0.055	39.5				9.89	0.366	1.10E-02	1.20E-01
173	CL173	80358	818	0.055	39.5	"Simple_repeat (38hits, 1.56%)"			17.36	0.856	8.50E-02	1.50E+00
												
												
												
												
												
												
						"Low_complexity (16hits, 0.737%)"						
174	CL174	79742	814	0.055	39.6	"LTR.Copia (56hits, 5.53%)"	Ty1-RH Ty1/copia AleI/Retrofit (33 hits 4.05%)		9.09	0.614	0.00E+00	0.00E+00
												
												
												
												
												
												
							Ty1-RH Ty1/copia AleII (28 hits 3.44%)					
175	CL175	80406	810	0.055	39.6	"Simple_repeat (21hits, 1.01%)"			37.78	12.47	0.00E+00	0.00E+00
												
												
												
												
												
												
						"Low_complexity (6hits, 0.313%)"						
176	CL176	79089	799	0.054	39.7	"LTR.Copia (786hits, 94.4%)"	Ty1-INT Ty1/copia Angela (258 hits 32.3%)		33.17	4.13	0.00E+00	0.00E+00
												
												
												
												
												
												
							Ty1-PROT Ty1/copia Angela (35 hits 4.38%)					
							Ty1-INT Ty1/copia Ivana/Oryco (10 hits 1.25%)					
							Ty1-INT Ty1/copia Tork (10 hits 1.25%)					
							Ty1-INT Ty1/copia TAR (3 hits 0......					
177	CL177	79258	797	0.054	39.8	"LTR.Copia (145hits, 14.9%)"			49.56	11.67	3.90E-03	1.30E-01
												
												
												
												
												
												
						"Simple_repeat (6hits, 0.291%)"						
						"LTR.Gypsy (1hits, 0.0568%)"						
178	CL178	77928	792	0.053	39.8	"Simple_repeat (10hits, 0.526%)"	DTH-CD1 NA NA (1 hits 0.126%)		18.18	5.051	0.00E+00	0.00E+00
												
												
												
												
												
												
						"Low_complexity (7hits, 0.386%)"						
179	CL179	77060	776	0.052	39.9	"Simple_repeat (6hits, 0.237%)"			3.61	0.902	0.00E+00	0.00E+00
180	CL180	75837	771	0.052	39.9	"Simple_repeat (40hits, 1.28%)"			7.13	0.908	0.00E+00	0.00E+00
												
												
												
												
												
												
						"Low_complexity (6hits, 0.319%)"						
181	CL181	71651	734	0.05	40	"Simple_repeat (12hits, 0.763%)"			11.17	1.09	0.00E+00	0.00E+00
182	CL182	72055	724	0.049	40	"RC.Helitron (271hits, 31.5%)"	DHH-CD1 NA NA (212 hits 29.3%)		32.87	9.116	0.00E+00	0.00E+00
												
												
												
												
												
												
						"Simple_repeat (6hits, 0.293%)"						
						"Low_complexity (4hits, 0.228%)"						
						"LTR.Copia (1hits, 0.0791%)"						
183	CL183	67608	679	0.046	40.1	"Simple_repeat (64hits, 5.35%)"			97.94	56.11	6.30E-02	2.90E-01
												
												
												
												
												
												
						"Low_complexity (1hits, 0.0828%)"						
184	CL184	66206	667	0.045	40.1	"LTR.Copia (583hits, 82.2%)"	Ty1-INT Ty1/copia AleII (390 hits 58.5%)		66.42	4.198	0.00E+00	0.00E+00
												
												
												
												
												
												
							Ty1-PROT Ty1/copia AleII (35 hits 5.25%)					
							Ty1-RT Ty1/copia AleII (21 hits 3.15%)					
							Ty1-INT Ty1/copia AleI/Retrofit (2 hits 0.3%)					
185	CL185	66136	666	0.045	40.1	"LTR.Copia (116hits, 12.7%)"	Ty1-GAG Ty1/copia Tork (106 hits 15.9%)		40.24	15.92	4.00E-02	1.50E-01
							Ty1-PROT Ty1/copia Tork (84 hits 12.6%)					
							Ty1-GAG Ty1/copia Bianca (1 hits 0.15%)					
												
												
												
												
						"Simple_repeat (3hits, 0.194%)"						
						"Low_complexity (2hits, 0.15%)"						
186	CL186	64549	655	0.044	40.2	"DNA.PIF.Harbinger (33hits, 3.1%)"	DTH-CD1 NA NA (169 hits 25.8%)		23.05	8.702	2.20E-02	1.50E-01
												
												
												
												
												
												
						"DNA.CMC.EnSpm (12hits, 1.05%)"						
						"Simple_repeat (4hits, 0.13%)"						
187	CL187	64191	651	0.044	40.2				7.53	0.461	7.40E-03	1.50E-01
188	CL188	64100	648	0.044	40.3	"Simple_repeat (30hits, 1.35%)"			8.64	0.617	2.40E-02	1.50E-01
												
												
												
												
												
												
						"Low_complexity (1hits, 0.0733%)"						
189	CL189	64147	643	0.043	40.3	"Simple_repeat (17hits, 1.08%)"			93.78	56.61	0.00E+00	0.00E+00
												
												
												
												
												
												
						"Low_complexity (3hits, 0.265%)"						
						"DNA.PIF.Harbinger (2hits, 0.176%)"						
190	CL190	62492	641	0.043	40.4	"LTR.Gypsy (58hits, 5.52%)"	Ty3-GAG Ty3/gypsy chromovirus (45 hits 7.02%)		21.06	0.936	2.70E-02	3.10E-01
							Ty3-PROT Ty3/gypsy chromovirus (1 hits 0.156%)					
												
												
												
												
												
						"LTR.Copia (18hits, 1.64%)"						
						"Simple_repeat (2hits, 0.0816%)"						
191	CL191	63377	639	0.043	40.4	"Simple_repeat (72hits, 4.06%)"			9.23	0.157	2.60E-02	3.10E-01
												
												
												
												
												
												
						"RC.Helitron (11hits, 0.97%)"						
						"DNA.MULE.MuDR (1hits, 0.0189%)"						
192	CL192	61406	627	0.042	40.5				15.15	0.16	2.70E-02	3.20E-01
193	CL193	62035	627	0.042	40.5	"LTR.Copia (557hits, 84.7%)"	Ty1-INT Ty1/copia Angela (69 hits 11%)		20.26	5.263	6.20E-01	2.20E+00
							Ty1-PROT Ty1/copia Angela (26 hits 4.15%)					
							Ty1-PROT Ty1/copia AleII (18 hits 2.87%)					
							Ty1-INT Ty1/copia Ivana/Oryco (3 hits 0.478%)					
							Ty1-INT Ty1/copia TAR (1 hits 0.......					
												
												
						"Low_complexity (4hits, 0.366%)"						
						"Simple_repeat (4hits, 0.289%)"						
194	CL194	59911	615	0.042	40.5				9.59	0	0.00E+00	0.00E+00
195	CL195	59811	612	0.041	40.6	"LTR.Copia (29hits, 3.5%)"	Ty1-RT Ty1/copia AleI/Retrofit (27 hits 4.41%)		10.13	0.654	4.90E-02	3.30E-01
												
												
												
												
												
												
						"Simple_repeat (2hits, 0.0986%)"						
196	CL196	60216	608	0.041	40.6	"Simple_repeat (8hits, 0.488%)"			18.09	0.493	0.00E+00	0.00E+00
197	CL197	59798	608	0.041	40.7	"LTR.Copia (11hits, 1.07%)"			71.05	32.57	3.90E-02	1.60E-01
198	CL198	58781	601	0.041	40.7	"LTR.Copia (29hits, 1.71%)"			15.14	0.166	1.60E-02	1.70E-01
												
												
												
												
												
												
						"Simple_repeat (12hits, 0.939%)"						
199	CL199	58324	595	0.04	40.7	"Simple_repeat (13hits, 0.49%)"			16.3	1.345	0.00E+00	0.00E+00
200	CL200	57083	583	0.039	40.8				17.67	0.343	0.00E+00	0.00E+00
201	CL201	57317	581	0.039	40.8	"Simple_repeat (28hits, 2.36%)"			30.12	9.294	3.00E-02	1.70E-01
												
												
												
												
												
												
						"Low_complexity (9hits, 0.97%)"						
						"DNA.CMC.EnSpm (1hits, 0.0663%)"						
202	CL202	56837	571	0.038	40.9	"Simple_repeat (21hits, 1.38%)"			55.52	17.51	5.40E-01	1.80E+00
												
												
												
												
												
												
						"Low_complexity (3hits, 0.34%)"						
203	CL203	56169	564	0.038	40.9	"Simple_repeat (40hits, 3.02%)"			3.9	0.709	0.00E+00	0.00E+00
												
												
												
												
												
												
						"Low_complexity (3hits, 0.349%)"						
204	CL204	55694	563	0.038	40.9	"Simple_repeat (36hits, 2.42%)"			1.95	1.243	0.00E+00	0.00E+00
												
												
												
												
												
												
						"Low_complexity (35hits, 2.38%)"						
205	CL205	54509	559	0.038	41				12.7	0.537	1.70E-02	1.80E-01
206	CL206	55196	556	0.037	41	"Simple_repeat (34hits, 3.01%)"			42.45	17.99	1.10E-01	3.60E-01
												
												
												
												
												
												
						"Low_complexity (15hits, 1.46%)"						
207	CL207	55347	555	0.037	41	"Simple_repeat (32hits, 2.4%)"			98.92	51.17	0.00E+00	0.00E+00
												
												
												
												
												
												
						"Low_complexity (12hits, 0.916%)"						
208	CL208	53828	552	0.037	41.1	"Low_complexity (6hits, 0.548%)"			3.26	1.087	0.00E+00	0.00E+00
												
												
												
												
												
												
						"Simple_repeat (5hits, 0.388%)"						
209	CL209	53823	541	0.036	41.1	"LTR.Gypsy (56hits, 7.96%)"			46.03	10.91	4.70E-02	7.40E-01
												
												
												
												
												
												
						"Low_complexity (13hits, 1.15%)"						
						"Simple_repeat (12hits, 0.894%)"						
						"LTR.Copia (2hits, 0.141%)"						
210	CL210	53499	541	0.036	41.2	"Simple_repeat (10hits, 0.658%)"			63.4	31.79	0.00E+00	0.00E+00
												
												
												
												
												
												
						"Low_complexity (6hits, 0.441%)"						
211	CL211	52937	534	0.036	41.2	"LTR.Gypsy (199hits, 28.7%)"	Ty3-INT Ty3/gypsy Ogre/Tat (90 hits 16.9%)		40.45	14.61	2.90E-02	1.90E-01
												
												
												
												
												
												
						"Simple_repeat (22hits, 2.08%)"						
						"Low_complexity (16hits, 1.52%)"						
212	CL212	50603	510	0.034	41.2	"LTR.Copia (44hits, 7.17%)"			52.55	12.35	1.60E-02	3.90E-01
												
												
												
												
												
												
						"Simple_repeat (61hits, 5.6%)"						
						"Low_complexity (13hits, 1.41%)"						
213	CL213	50064	510	0.034	41.3	"Low_complexity (28hits, 2.39%)"			40	15.29	3.40E-02	2.00E-01
												
												
												
												
												
												
						"Simple_repeat (30hits, 2.34%)"						
214	CL214	49429	504	0.034	41.3	"Simple_repeat (14hits, 0.623%)"			8.33	0.595	0.00E+00	0.00E+00
215	CL215	49332	496	0.034	41.3	"LTR.Copia (459hits, 87.4%)"	Ty1-GAG Ty1/copia Angela (55 hits 11.1%)		49.6	9.476	7.40E-02	4.00E-01
												
												
												
												
												
												
						"Low_complexity (1hits, 0.073%)"						
						"Simple_repeat (1hits, 0.0568%)"						
216	CL216	46880	486	0.033	41.4	"Simple_repeat (8hits, 0.326%)"			41.56	1.852	1.20E-01	1.60E+00
												
												
												
												
												
												
						"Low_complexity (3hits, 0.269%)"						
217	CL217	47884	481	0.032	41.4	"Simple_repeat (44hits, 3.76%)"			100	57.17	0.00E+00	0.00E+00
												
												
												
												
												
												
						"Low_complexity (7hits, 0.459%)"						
						"DNA.PIF.Harbinger (1hits, 0.127%)"						
218	CL218	47407	478	0.032	41.4	"Simple_repeat (9hits, 1.07%)"			2.09	0.628	0.00E+00	0.00E+00
219	CL219	46921	473	0.032	41.5	"DNA.hAT.Ac (129hits, 21.6%)"	DTA-CD1 NA NA (183 hits 38.7%)		24.74	4.863	0.00E+00	0.00E+00
												
												
												
												
												
												
						"Simple_repeat (9hits, 0.857%)"						
220	CL220	46742	472	0.032	41.5	"Simple_repeat (8hits, 0.627%)"			62.29	25.42	1.80E-02	2.10E-01
												
												
												
												
												
												
						"Low_complexity (2hits, 0.145%)"						
221	CL221	46585	469	0.032	41.5	"LTR.Gypsy (56hits, 8.62%)"			23.67	7.463	2.60E-02	2.10E-01
												
												
												
												
												
												
						"Low_complexity (10hits, 0.97%)"						
						"Simple_repeat (5hits, 0.434%)"						
222	CL222	46459	467	0.032	41.6	"RC.Helitron (127hits, 22.3%)"	DHH-CD1 NA NA (326 hits 69.8%)		50.75	9.636	0.00E+00	0.00E+00
												
												
												
												
												
												
						"Simple_repeat (5hits, 0.437%)"						
						"Low_complexity (1hits, 0.121%)"						
223	CL223	44375	448	0.03	41.6	"Simple_repeat (22hits, 2.01%)"			15.62	4.688	0.00E+00	0.00E+00
												
												
												
												
												
												
						"Low_complexity (11hits, 1.21%)"						
224	CL224	43332	448	0.03	41.6	"Simple_repeat (6hits, 0.457%)"			18.3	1.339	0.00E+00	0.00E+00
225	CL225	43045	438	0.029	41.6	"Low_complexity (12hits, 0.864%)"			17.35	0.228	6.50E-02	4.60E-01
												
												
												
												
												
												
						"Simple_repeat (2hits, 0.144%)"						
226	CL226	41866	423	0.029	41.7	"Simple_repeat (2hits, 0.124%)"			62.65	28.13	0.00E+00	0.00E+00
												
												
												
												
												
												
						"DNA.CMC.EnSpm (1hits, 0.115%)"						
						"Low_complexity (1hits, 0.0621%)"						
227	CL227	39821	400	0.027	41.7	"Low_complexity (5hits, 0.721%)"			99.5	53.25	3.60E-01	2.50E-01
												
												
												
												
												
												
						"Simple_repeat (5hits, 0.45%)"						
228	CL228	38550	390	0.026	41.7	"DNA.MULE.MuDR (13hits, 1.84%)"			30.77	8.974	0.00E+00	0.00E+00
												
												
												
												
												
												
						"Simple_repeat (8hits, 0.864%)"						
229	CL229	37182	380	0.026	41.7				22.11	1.316	0.00E+00	0.00E+00
230	CL230	36791	374	0.025	41.8	"Simple_repeat (29hits, 4.01%)"			26.74	7.754	0.00E+00	0.00E+00
												
												
												
												
												
												
						"LINE.L1 (1hits, 0.255%)"						
						"LTR.Gypsy (1hits, 0.144%)"						
231	CL231	35687	364	0.025	41.8				23.08	0.824	0.00E+00	0.00E+00
232	CL232	34673	358	0.024	41.8				24.58	1.397	0.00E+00	0.00E+00
233	CL233	35270	355	0.024	41.8	"Simple_repeat (8hits, 1.07%)"			53.24	9.014	0.00E+00	0.00E+00
												
												
												
												
												
												
						"Low_complexity (3hits, 0.403%)"						
234	CL234	34305	353	0.024	41.9	"Simple_repeat (7hits, 0.796%)"			22.95	1.133	0.00E+00	0.00E+00
235	CL235	33940	350	0.024	41.9				86.86	32	0.00E+00	0.00E+00
236	CL236	33951	348	0.024	41.9	"Low_complexity (1hits, 0.144%)"			77.59	11.49	0.00E+00	0.00E+00
237	CL237	33546	344	0.023	41.9	"Low_complexity (1hits, 0.167%)"			19.77	0.291	0.00E+00	0.00E+00
238	CL238	32472	334	0.022	42	"Simple_repeat (1hits, 0.108%)"			19.76	0	1.80E-01	9.00E-01
239	CL239	32846	333	0.022	42	"LTR.Copia (321hits, 91.8%)"	Ty1-RT Ty1/copia AleII (198 hits 59.5%)		44.74	7.508	0.00E+00	0.00E+00
												
												
												
												
												
												
							Ty1-RT Ty1/copia Tork (3 hits 0.901%)					
							Ty1-RT Ty1/copia AleI/Retrofit (1 hits 0.3%)					
240	CL240	31927	330	0.022	42				21.82	0.606	0.00E+00	0.00E+00
241	CL241	32157	326	0.022	42	"Simple_repeat (24hits, 3.73%)"			73.01	21.17	0.00E+00	0.00E+00
												
												
												
												
												
												
						"DNA.hAT.Ac (3hits, 0.706%)"						
						"Low_complexity (5hits, 0.603%)"						
						"LTR.Gypsy (1hits, 0.18%)"						
						"DNA.CMC.EnSpm (1hits, 0.165%)"						
242	CL242	32215	324	0.022	42.1	"Simple_repeat (28hits, 3.21%)"	DTH-CD1 NA NA (11 hits 3.4%)		73.46	28.4	0.00E+00	0.00E+00
												
												
												
												
												
												
						"DNA.PIF.Harbinger (6hits, 1.38%)"						
						"Low_complexity (9hits, 1.15%)"						
243	CL243	30941	319	0.021	42.1	"Simple_repeat (1hits, 0.0549%)"			23.51	0.627	1.30E-01	6.30E-01
244	CL244	30807	312	0.021	42.1	"Simple_repeat (17hits, 2.46%)"			94.87	24.36	1.10E-01	6.40E-01
												
												
												
												
												
												
						"Low_complexity (11hits, 1.88%)"						
						"LTR.Gypsy (1hits, 0.11%)"						
245	CL245	29969	304	0.021	42.1	"DNA.PIF.Harbinger (23hits, 4.84%)"	DTH-CD1 NA NA (121 hits 39.8%)		56.58	9.539	0.00E+00	0.00E+00
												
												
												
												
												
												
						"DNA.CMC.EnSpm (1hits, 0.143%)"						
246	CL246	28907	291	0.02	42.1	"Low_complexity (40hits, 8.16%)"			99.31	53.26	0.00E+00	0.00E+00
												
												
												
												
												
												
						"Simple_repeat (41hits, 5.12%)"						
						"DNA.hAT.Ac (1hits, 0.18%)"						
						"DNA.MULE.MuDR (1hits, 0.18%)"						
247	CL247	28492	290	0.02	42.2	"LTR.Gypsy (127hits, 38.6%)"	Ty3-PROT Ty3/gypsy Athila (56 hits 19.3%)		20.69	1.034	0.00E+00	0.00E+00
248	CL248	27971	289	0.019	42.2				23.18	0	0.00E+00	0.00E+00
249	CL249	28551	287	0.019	42.2	"LTR.Copia (184hits, 59.5%)"	Ty1-RH Ty1/copia Bianca (96 hits 33.4%)		65.85	24.39	0.00E+00	0.00E+00
												
												
												
												
												
												
						"Simple_repeat (3hits, 0.511%)"						
						"Low_complexity (2hits, 0.315%)"						
250	CL250	28086	285	0.019	42.2	"Simple_repeat (130hits, 13.3%)"			16.49	10.18	0.00E+00	0.00E+00
												
												
												
												
												
												
						"Low_complexity (14hits, 1.94%)"						
251	CL251	27565	285	0.019	42.2				26.32	0.702	0.00E+00	0.00E+00
252	CL252	26233	272	0.018	42.3				21.32	0.368	0.00E+00	0.00E+00
253	CL253	26706	271	0.018	42.3	"Simple_repeat (7hits, 1.3%)"			32.1	2.952	0.00E+00	0.00E+00
												
												
												
												
												
												
						"DNA.hAT.Tip100 (2hits, 0.225%)"						
						"LTR.Gypsy (1hits, 0.172%)"						
						"LINE.L1 (1hits, 0.165%)"						
						"LTR.Copia (1hits, 0.135%)"						
254	CL254	26841	271	0.018	42.3	"LTR.Copia (212hits, 72.5%)"	Ty1-RH Ty1/copia AleII (116 hits 42.8%)		69	20.3	0.00E+00	0.00E+00
255	CL255	26133	264	0.018	42.3	"DNA.hAT.Ac (21hits, 5.35%)"	DTA-CD1 NA NA (110 hits 41.7%)		23.48	4.545	0.00E+00	0.00E+00
												
												
												
												
												
												
						"LTR.Copia (1hits, 0.145%)"						
						"Simple_repeat (1hits, 0.111%)"						
256	CL256	25019	263	0.018	42.3	"rRNA (259hits, 96.8%)"			33.08	0.38	0.00E+00	0.00E+00
257	CL257	25572	260	0.018	42.3	"Simple_repeat (3hits, 0.536%)"			30.77	0	0.00E+00	0.00E+00
												
												
												
												
												
												
						"Low_complexity (1hits, 0.153%)"						
258	CL258	24515	254	0.017	42.4	"Simple_repeat (5hits, 0.897%)"			97.64	21.26	3.10E-01	1.20E+00
												
												
												
												
												
												
						"DNA.hAT.Ac (5hits, 0.689%)"						
259	CL259	25011	252	0.017	42.4	"Simple_repeat (6hits, 0.688%)"			66.67	15.48	0.00E+00	0.00E+00
												
												
												
												
												
												
						"LTR.Gypsy (3hits, 0.444%)"						
						"Low_complexity (3hits, 0.424%)"						
260	CL260	24967	251	0.017	42.4	"DNA.CMC.EnSpm (107hits, 37.1%)"	DTC-CD1 NA NA (88 hits 35.1%)		25.1	2.39	0.00E+00	0.00E+00
261	CL261	24876	251	0.017	42.4	"Simple_repeat (29hits, 4.2%)"			19.52	3.984	1.60E+00	4.00E+00
												
												
												
												
												
												
						"Low_complexity (6hits, 0.993%)"						
262	CL262	24082	250	0.017	42.4				24	1.6	0.00E+00	0.00E+00
263	CL263	24441	249	0.017	42.4	"Simple_repeat (26hits, 5.72%)"			86.35	20.48	2.60E-01	1.60E+00
												
												
												
												
												
												
						"Low_complexity (13hits, 2.91%)"						
						"DNA.hAT.Ac (11hits, 2%)"						
264	CL264	23763	247	0.017	42.5				24.7	0.81	0.00E+00	0.00E+00
265	CL265	23820	245	0.017	42.5				75.51	8.98	0.00E+00	0.00E+00
266	CL266	23938	241	0.016	42.5	"DNA.hAT.Ac (93hits, 31.1%)"	DTA-CD1 NA NA (116 hits 48.1%)		26.97	4.979	0.00E+00	0.00E+00
267	CL267	23473	239	0.016	42.5	"LTR.Copia (238hits, 97.6%)"	Ty1-RT Ty1/copia AleII (121 hits 50.6%)		24.69	2.51	0.00E+00	0.00E+00
												
												
												
												
												
												
							Ty1-RH Ty1/copia AleII (38 hits 15.9%)					
							Ty1-RH Ty1/copia Ivana/Oryco (1 hits 0.418%)					
268	CL268	22905	237	0.016	42.5	"Simple_repeat (8hits, 1.46%)"	Ty3-GAG Ty3/gypsy chromovirus (11 hits 4.64%)		37.55	1.688	0.00E+00	0.00E+00
269	CL269	23339	235	0.016	42.5	"LTR.Copia (232hits, 95.6%)"	Ty1-INT Ty1/copia AleII (142 hits 60.4%)		53.19	5.532	0.00E+00	0.00E+00
												
												
												
												
												
												
							Ty1-INT Ty1/copia AleI/Retrofit (2 hits 0.851%)					
							Ty1-PROT Ty1/copia AleII (2 hits 0.851%)					
							Ty1-PROT Ty1/copia AleI/Retrofit (1 hits 0.426%)					
270	CL270	23250	235	0.016	42.6	"LTR.Copia (231hits, 94.6%)"	Ty1-INT Ty1/copia AleII (150 hits 63.8%)		42.13	2.979	0.00E+00	0.00E+00
												
												
												
												
												
												
							Ty1-PROT Ty1/copia AleII (6 hits 2.55%)					
							Ty1-PROT Ty1/copia AleI/Retrofit (1 hits 0.426%)					
271	CL271	22463	233	0.016	42.6				32.19	2.146	0.00E+00	0.00E+00
272	CL272	22833	232	0.016	42.6		Ty1-RH Ty1/copia Ivana/Oryco (1 hits 0.431%)		45.69	6.466	0.00E+00	0.00E+00
273	CL273	22317	231	0.016	42.6				98.27	7.792	0.00E+00	0.00E+00
274	CL274	22398	230	0.015	42.6	"LTR.Gypsy (7hits, 1.76%)"			35.65	0	0.00E+00	0.00E+00
275	CL275	22709	230	0.015	42.6	"Simple_repeat (11hits, 2.54%)"			54.78	10	0.00E+00	0.00E+00
												
												
												
												
												
												
						"Low_complexity (3hits, 0.577%)"						
276	CL276	22304	228	0.015	42.6	"LTR.Gypsy (191hits, 74.5%)"	Ty3-RT Ty3/gypsy chromovirus (105 hits 46.1%)		36.84	3.509	0.00E+00	0.00E+00
												
												
												
												
												
												
							Ty3-RH Ty3/gypsy chromovirus (38 hits 16.7%)					
277	CL277	22228	225	0.015	42.7	"Simple_repeat (3hits, 0.301%)"			84.89	41.78	1.50E-01	4.40E-01
												
												
												
												
												
												
						"DNA (1hits, 0.139%)"						
278	CL278	21615	224	0.015	42.7		Ty3-GAG Ty3/gypsy Athila (26 hits 11.6%)		86.61	10.71	0.00E+00	0.00E+00
												
												
												
												
												
												
							Ty3-GAG Ty3/gypsy Ogre/Tat (11 hits 4.91%)					
279	CL279	21854	222	0.015	42.7	"Simple_repeat (11hits, 1.64%)"			34.23	4.955	0.00E+00	0.00E+00
												
												
												
												
												
												
						"Low_complexity (3hits, 0.499%)"						
280	CL280	21985	221	0.015	42.7	"Simple_repeat (15hits, 3.73%)"			25.79	0.905	0.00E+00	0.00E+00
281	CL281	21558	218	0.015	42.7	"Simple_repeat (10hits, 1.35%)"			8.26	3.211	0.00E+00	0.00E+00
282	CL282	21531	218	0.015	42.7	"LTR.Copia (74hits, 24.8%)"			90.83	54.13	0.00E+00	0.00E+00
												
												
												
												
												
												
						"Simple_repeat (2hits, 0.311%)"						
283	CL283	21543	217	0.015	42.8	"Simple_repeat (11hits, 1.34%)"			12.44	2.765	0.00E+00	0.00E+00
												
												
												
												
												
												
						"Low_complexity (2hits, 0.32%)"						
284	CL284	21251	214	0.014	42.8	"DNA.hAT.Ac (81hits, 33.3%)"	DTA-CD1 NA NA (128 hits 59.8%)		25.23	4.673	0.00E+00	0.00E+00
285	CL285	20844	211	0.014	42.8				38.39	0.948	0.00E+00	0.00E+00
286	CL286	20922	211	0.014	42.8	"LTR.Gypsy (32hits, 12.6%)"	Ty3-PROT Ty3/gypsy Ogre/Tat (16 hits 7.58%)		24.17	3.791	0.00E+00	0.00E+00
												
												
												
												
												
												
						"Simple_repeat (8hits, 1.29%)"						
						"Low_complexity (3hits, 0.693%)"						
287	CL287	20544	210	0.014	42.8		Ty3-GAG Ty3/gypsy Ogre/Tat (11 hits 5.24%)		25.71	0.476	0.00E+00	0.00E+00
288	CL288	20637	209	0.014	42.8	"LTR.Gypsy (128hits, 54.7%)"	Ty3-PROT Ty3/gypsy Athila (36 hits 17.2%)		20.57	0.478	0.00E+00	0.00E+00
							Ty3-RT Ty3/gypsy Athila (8 hits 3.83%)					
												
												
												
												
												
						"LTR.Copia (2hits, 0.887%)"						
289	CL289	20659	209	0.014	42.8	"LTR.Gypsy (6hits, 1.79%)"			35.89	5.742	2.40E-01	4.80E-01
												
												
												
												
												
												
						"Simple_repeat (4hits, 0.571%)"						
						"Low_complexity (2hits, 0.552%)"						
290	CL290	20566	207	0.014	42.9	"LTR.Copia (75hits, 31.3%)"	Ty1-GAG Ty1/copia Tork (54 hits 26.1%)		57.49	20.29	0.00E+00	0.00E+00
												
												
												
												
												
												
						"Simple_repeat (2hits, 0.404%)"						
291	CL291	19810	206	0.014	42.9	"Simple_repeat (2hits, 0.394%)"			32.04	0.971	0.00E+00	0.00E+00
292	CL292	20376	205	0.014	42.9	"Low_complexity (3hits, 0.609%)"			88.29	39.51	0.00E+00	0.00E+00
												
												
												
												
												
												
						"LTR.Copia (1hits, 0.476%)"						
						"Simple_repeat (1hits, 0.196%)"						
293	CL293	19931	202	0.014	42.9	"Simple_repeat (18hits, 5.36%)"	Ty3-GAG Ty3/gypsy chromovirus (2 hits 0.99%)		82.18	27.23	0.00E+00	0.00E+00
												
												
												
												
												
												
						"LTR.Gypsy (8hits, 2.54%)"						
						"LTR.Copia (5hits, 1%)"						
294	CL294	19822	200	0.013	42.9	"LTR.Copia (187hits, 87.9%)"	Ty1-INT Ty1/copia AleII (81 hits 40.5%)		82	7	0.00E+00	0.00E+00
												
												
												
												
												
												
							Ty1-PROT Ty1/copia AleII (14 hits 7%)					
295	CL295	19397	195	0.013	42.9	"Simple_repeat (2hits, 0.469%)"			48.72	1.026	3.00E-01	1.50E+00
												
												
												
												
												
												
						"Low_complexity (1hits, 0.438%)"						
296	CL296	19039	195	0.013	42.9	"LTR.Gypsy (61hits, 25%)"	Ty3-PROT Ty3/gypsy chromovirus (24 hits 12.3%)		34.36	1.026	0.00E+00	0.00E+00
297	CL297	19191	193	0.013	42.9	"LTR.Gypsy (158hits, 76.9%)"	Ty3-RT Ty3/gypsy Ogre/Tat (79 hits 40.9%)		32.64	2.591	0.00E+00	0.00E+00
												
												
												
												
												
												
							Ty3-RH Ty3/gypsy Athila (12 hits 6.22%)					
							Ty3-RH Ty3/gypsy Ogre/Tat (7 hits 3.63%)					
							Ty3-RH Ty3/gypsy chromovirus (1 hits 0.518%)					
298	CL298	19137	192	0.013	43	"Simple_repeat (14hits, 2.64%)"			98.96	50	2.80E-01	1.00E+00
												
												
												
												
												
												
						"Low_complexity (7hits, 1.52%)"						
299	CL299	18854	190	0.013	43	"DNA.CMC.EnSpm (34hits, 12.5%)"			51.58	8.947	0.00E+00	0.00E+00
300	CL300	18412	186	0.013	43	"Low_complexity (1hits, 0.288%)"			62.37	20.43	0.00E+00	0.00E+00
												
												
												
												
												
												
						"Simple_repeat (1hits, 0.255%)"						
301	CL301	18024	182	0.012	43	"LTR.Copia (153hits, 79.1%)"	Ty1-RH Ty1/copia AleII (74 hits 40.7%)		59.34	10.44	0.00E+00	0.00E+00
							Ty1-RT Ty1/copia AleII (6 hits 3.3%)					
												
												
												
												
												
						"Simple_repeat (1hits, 0.194%)"						
302	CL302	17781	182	0.012	43				39.56	1.099	0.00E+00	0.00E+00
303	CL303	18015	181	0.012	43	"Simple_repeat (1hits, 0.216%)"	DTM-CD1 NA NA (29 hits 16%)		32.6	3.867	7.90E-01	1.70E+00
304	CL304	17853	180	0.012	43	"Simple_repeat (3hits, 0.717%)"			78.89	43.89	0.00E+00	0.00E+00
305	CL305	17705	179	0.012	43	"LTR.Gypsy (155hits, 80.9%)"	Ty3-RT Ty3/gypsy Athila (52 hits 29.1%)		22.91	1.117	0.00E+00	0.00E+00
												
												
												
												
												
												
							Ty3-RH Ty3/gypsy Athila (40 hits 22.3%)					
							Ty3-INT Ty3/gypsy Athila (10 hits 5.59%)					
306	CL306	17521	178	0.012	43.1	"Simple_repeat (115hits, 25.4%)"			13.48	6.742	0.00E+00	0.00E+00
307	CL307	17379	176	0.012	43.1	"DNA.PIF.Harbinger (21hits, 7.27%)"	DTH-CD1 NA NA (73 hits 41.5%)		64.77	13.07	0.00E+00	0.00E+00
												
												
												
												
												
												
						"RC.Helitron (3hits, 0.829%)"						
						"Simple_repeat (1hits, 0.219%)"						
308	CL308	17125	172	0.012	43.1	"LTR.Copia (163hits, 89.6%)"	Ty1-INT Ty1/copia Bianca (57 hits 33.1%)		67.44	13.37	0.00E+00	0.00E+00
												
												
												
												
												
												
							Ty1-RH Ty1/copia Bianca (1 hits 0.581%)					
309	CL309	16529	170	0.011	43.1				32.94	0	0.00E+00	0.00E+00
310	CL310	16643	170	0.011	43.1	"DNA.PIF.Harbinger (25hits, 8.47%)"	DTH-CD1 NA NA (74 hits 43.5%)		60	10.59	0.00E+00	0.00E+00
311	CL311	16568	167	0.011	43.1	"LTR.Copia (167hits, 97.9%)"	Ty1-RT Ty1/copia Angela (90 hits 53.9%)		36.53	3.593	1.70E-01	6.00E-01
												
												
												
												
												
												
							Ty1-RT Ty1/copia Tork (6 hits 3.59%)					
							Ty1-RT Ty1/copia TAR (4 hits 2.4%)					
							Ty1-RT Ty1/copia AleII (1 hits 0.599%)					
312	CL312	16443	167	0.011	43.1	"LTR.Copia (127hits, 71.5%)"	Ty1-RT Ty1/copia AleII (82 hits 49.1%)		20.96	3.593	0.00E+00	0.00E+00
												
												
												
												
												
												
							Ty1-RH Ty1/copia AleII (21 hits 12.6%)					
							Ty1-RT Ty1/copia Tork (6 hits 3.59%)					
313	CL313	16062	162	0.011	43.1	"LTR.Copia (8hits, 2.14%)"			49.38	15.43	9.50E-01	1.90E+00
												
												
												
												
												
												
						"Low_complexity (3hits, 0.872%)"						
						"Simple_repeat (2hits, 0.492%)"						
314	CL314	15653	159	0.011	43.1	"LTR.Gypsy (44hits, 20.7%)"	Ty3-GAG Ty3/gypsy Athila (6 hits 3.77%)		32.08	0.629	0.00E+00	0.00E+00
							Ty3-PROT Ty3/gypsy Athila (6 hits 3.77%)					
												
												
												
												
												
						"LTR.Copia (12hits, 6.61%)"						
315	CL315	15671	159	0.011	43.2	"LTR.Gypsy (4hits, 1.38%)"	Ty3-GAG Ty3/gypsy chromovirus (2 hits 1.26%)		37.11	7.547	0.00E+00	0.00E+00
316	CL316	15619	157	0.011	43.2	"Simple_repeat (1hits, 0.128%)"			100	39.49	0.00E+00	0.00E+00
317	CL317	15517	156	0.011	43.2	"Simple_repeat (3hits, 0.651%)"			70.51	16.03	0.00E+00	0.00E+00
												
												
												
												
												
												
						"Low_complexity (1hits, 0.387%)"						
318	CL318	15396	156	0.011	43.2	"LTR.Gypsy (92hits, 52.4%)"	Ty3-GAG Ty3/gypsy Athila (64 hits 41%)		47.44	5.769	0.00E+00	0.00E+00
							Ty3-GAG Ty3/gypsy Ogre/Tat (1 hits 0.641%)					
												
												
												
												
												
						"Simple_repeat (1hits, 0.201%)"						
319	CL319	15445	155	0.011	43.2	"Low_complexity (15hits, 6.64%)"			92.26	5.161	0.00E+00	0.00E+00
												
												
												
												
												
												
						"Simple_repeat (3hits, 1.26%)"						
320	CL320	15216	153	0.01	43.2	"Simple_repeat (23hits, 6.35%)"			100	0.654	0.00E+00	0.00E+00
321	CL321	15162	153	0.01	43.2	"Simple_repeat (5hits, 0.871%)"			45.1	13.07	0.00E+00	0.00E+00
322	CL322	15162	152	0.01	43.2	"LTR.Copia (91hits, 54.2%)"	Ty1-GAG Ty1/copia Bianca (72 hits 47.4%)		64.47	19.08	0.00E+00	0.00E+00
												
												
												
												
												
												
						"Simple_repeat (2hits, 0.956%)"						
323	CL323	15028	152	0.01	43.2	"LTR.Copia (94hits, 56.8%)"	Ty1-RH Ty1/copia AleII (36 hits 23.7%)		43.42	8.553	0.00E+00	0.00E+00
							Ty1-RT Ty1/copia AleII (11 hits 7.24%)					
												
												
												
												
												
						"Simple_repeat (6hits, 1.31%)"						
324	CL324	15103	152	0.01	43.3	"LTR.Gypsy (13hits, 4.85%)"			27.63	9.868	0.00E+00	0.00E+00
												
												
												
												
												
												
						"Simple_repeat (1hits, 0.278%)"						
325	CL325	14968	151	0.01	43.3	"DNA.MULE.MuDR (1hits, 0.601%)"	DTM-CD1 NA NA (25 hits 16.6%)		40.4	8.609	1.20E-01	6.60E-01
												
												
												
												
												
												
						"DNA (1hits, 0.294%)"						
326	CL326	14740	148	0.01	43.3	"Simple_repeat (1hits, 0.482%)"			93.24	34.46	0.00E+00	0.00E+00
